Workbook

Sheet Resumen
A1: Red neuronal desde cero en TensorFlow, clasificación de Iris
A3: Autor | B3: Daniel Alfredo Barreras Meraz (A01254805)
A4: Curso | B4: TC3002B.570 Desarrollo de aplicaciones avanzadas de ciencias computacionales
A5: Arquitectura | B5: 4 entradas → 8 ocultas (tanh) → 3 salidas (softmax)
A6: Pérdida | B6: Entropía cruzada
A7: Optimización | B7: Descenso de gradiente con lote completo, tasa 0.1, 2000 épocas
A8: Inicialización | B8: Glorot uniforme, semilla 42 (b = 0)
A9: Datos | B9: Iris (UCI), 150 flores; 120 entrenamiento, 30 prueba
A10: Exactitud entrenamiento (Python) | B10: 0.98333333
A11: Exactitud prueba (Python) | B11: 1
A12: Pérdida final | B12: 0.051106989
A14: Hojas
A15: Pesos finales | B15: W1, b1, W2, b2 después del entrenamiento, más la media y desviación usadas para estandarizar
A16: Pesos iniciales | B16: Los mismos parámetros antes del entrenamiento
A17: Comprobacion | B17: Recalcula las 150 predicciones con fórmulas que leen 'Pesos finales' y las compara con Python
A18: Historial | B18: Pérdida de entrenamiento por época

Sheet Pesos finales
A1: Pesos finales
A3: W1 (4 x 8), entrada → oculta
B4: h1 | C4: h2 | D4: h3 | E4: h4 | F4: h5 | G4: h6 | H4: h7 | I4: h8
A5: largo_sepalo | B5: 0.034679647 | C5: 0.68267791 | D5: 0.333793 | E5: -0.69880149 | F5: -0.64156429 | G5: -0.32061454 | H5: 0.11036084 | I5: 0.53808483
A6: ancho_sepalo | B6: 0.3034247 | C6: -0.79710668 | D6: -0.43058633 | E6: 0.68381694 | F6: 0.29138289 | G6: -0.24928932 | H6: 0.18368732 | I6: -0.49371972
A7: largo_petalo | B7: -0.68589877 | C7: 0.72016932 | D7: 0.22191618 | E7: -0.81850125 | F7: 0.83991662 | G7: 1.4620783 | H7: -0.92080374 | I7: 0.67945923
A8: ancho_petalo | B8: -1.0480716 | C8: 0.62742089 | D8: 0.59704913 | E8: -0.54733862 | F8: 0.9720288 | G8: 1.2699956 | H8: -0.66465468 | I8: 0.69666678
A10: b1 (8)
B11: h1 | C11: h2 | D11: h3 | E11: h4 | F11: h5 | G11: h6 | H11: h7 | I11: h8
A12: b1 | B12: 1.0204517 | C12: 0.64204995 | D12: -0.15658672 | E12: -0.76293265 | F12: -0.39423961 | G12: -1.6664285 | H12: -0.51990591 | I12: -0.87659216
A14: W2 (8 x 3), oculta → salida
B15: o1 (Iris-setosa) | C15: o2 (Iris-versicolor) | D15: o3 (Iris-virginica)
A16: h1 | B16: 0.98871352 | C16: 0.33766906 | D16: -2.1566936
A17: h2 | B17: -1.1487056 | C17: 1.622678 | D17: 1.0643195
A18: h3 | B18: -0.3885312 | C18: 0.31212437 | D18: 1.0884746
A19: h4 | B19: 1.2795699 | C19: -1.1471873 | D19: -0.19568767
A20: h5 | B20: -0.353149 | C20: -0.72618192 | D20: 1.000713
A21: h6 | B21: -1.0809613 | C21: -1.8347798 | D21: 2.0429118
A22: h7 | B22: 1.0320705 | C22: -0.55507658 | D22: -0.28803717
A23: h8 | B23: -1.211307 | C23: -1.0327477 | D23: 1.2628633
A25: b2 (3)
B26: o1 (Iris-setosa) | C26: o2 (Iris-versicolor) | D26: o3 (Iris-virginica)
A27: b2 | B27: -0.19027229 | C27: 0.47243666 | D27: -0.28216437
A29: Estandarización z = (x - media) / desviación
B30: largo_sepalo | C30: ancho_sepalo | D30: largo_petalo | E30: ancho_petalo
A31: media | B31: 5.8433333 | C31: 3.0716667 | D31: 3.7566667 | E31: 1.2025
A32: desviación | B32: 0.83143784 | C32: 0.43420105 | D32: 1.7666698 | E32: 0.76903213

Sheet Pesos iniciales
A1: Pesos iniciales
A3: W1 (4 x 8), entrada → oculta
B4: h1 | C4: h2 | D4: h3 | E4: h4 | F4: h5 | G4: h6 | H4: h7 | I4: h8
A5: largo_sepalo | B5: -0.34016723 | C5: 0.31631529 | D5: 0.18213036 | E5: -0.65055671 | F5: -0.66510174 | G5: 0.056898957 | H5: 0.4530188 | I5: 0.4194676
A6: ancho_sepalo | B6: -0.28950656 | C6: -0.67533205 | D6: -0.30776681 | E6: 0.41741276 | F6: 0.12487313 | G6: 0.087900977 | H6: -0.69859204 | I6: -0.10997409
A7: largo_petalo | B7: 0.12590496 | C7: 0.02656667 | D7: -0.23901447 | E7: -0.49652597 | F7: 0.30177891 | G7: 0.52450983 | H7: -0.36347463 | I7: -0.38291472
A8: ancho_petalo | B8: -0.51275737 | C8: -0.00020650588 | D8: 0.15719339 | E8: -0.3142347 | F8: 0.58898355 | G8: 0.67745631 | H8: -0.30055165 | I8: -0.48190687
A10: b1 (8)
B11: h1 | C11: h2 | D11: h3 | E11: h4 | F11: h5 | G11: h6 | H11: h7 | I11: h8
A12: b1 | B12: 0 | C12: 0 | D12: 0 | E12: 0 | F12: 0 | G12: 0 | H12: 0 | I12: 0
A14: W2 (8 x 3), oculta → salida
B15: o1 (Iris-setosa) | C15: o2 (Iris-versicolor) | D15: o3 (Iris-virginica)
A16: h1 | B16: 0.067256825 | C16: -0.19877858 | D16: -0.69878929
A17: h2 | B17: 0.53258086 | C17: 0.29753565 | D17: 0.70817539
A18: h3 | B18: 0.41083567 | C18: 0.10674312 | D18: 0.494489
A19: h4 | B19: -0.52900668 | C19: 0.13942647 | D19: 0.32627518
A20: h5 | B20: 0.11154985 | C20: -0.063505844 | D20: -0.12666191
A21: h6 | B21: -0.18107283 | C21: -0.58926494 | D21: -0.10249161
A22: h7 | B22: 0.23113635 | C22: -0.50121956 | D22: 0.45903993
A23: h8 | B23: -0.73760042 | C23: -0.65980308 | D23: 0.41621208
A25: b2 (3)
B26: o1 (Iris-setosa) | C26: o2 (Iris-versicolor) | D26: o3 (Iris-virginica)
A27: b2 | B27: 0 | C27: 0 | D27: 0

Sheet Comprobacion
A1: Comprobación de la red con fórmulas de Excel
A2: Cada fila recalcula z, h = tanh(z·W1 + b1), o = h·W2 + b2 y p = softmax(o) con los pesos de la hoja 'Pesos finales'.
A3: Exactitud entrenamiento | D3: =COUNTIFS(B7:B156,"entrenamiento",AA7:AA156,"Sí")/COUNTIF(B7:B156,"entrenamiento")
A4: Exactitud prueba | D4: =COUNTIFS(B7:B156,"prueba",AA7:AA156,"Sí")/COUNTIF(B7:B156,"prueba")
A5: Filas donde Excel = Python | D5: =COUNTIF(AG7:AG156,"Sí")&" de "&COUNTA(A7:A156)
A6: # | B6: Conjunto | C6: x1 largo_sepalo | D6: x2 ancho_sepalo | E6: x3 largo_petalo | F6: x4 ancho_petalo | G6: z1 | H6: z2 | I6: z3 | J6: z4 | K6: h1 | L6: h2 | M6: h3 | N6: h4 | O6: h5 | P6: h6 | Q6: h7 | R6: h8 | S6: o1 | T6: o2 | U6: o3 | V6: p1 Excel | W6: p2 Excel | X6: p3 Excel | Y6: Predicción Excel | Z6: Clase real | AA6: ¿Correcta? | AB6: p1 Python | AC6: p2 Python | AD6: p3 Python | AE6: Predicción Python | AF6: Dif. máx. p | AG6: ¿Excel = Python?
A7: 1 | B7: entrenamiento | C7: 5.1 | D7: 3.5 | E7: 1.4 | F7: 0.2 | G7: =(C7-'Pesos finales'!$B$31)/'Pesos finales'!$B$32 | H7: =(D7-'Pesos finales'!$C$31)/'Pesos finales'!$C$32 | I7: =(E7-'Pesos finales'!$D$31)/'Pesos finales'!$D$32 | J7: =(F7-'Pesos finales'!$E$31)/'Pesos finales'!$E$32 | K7: =TANH(G7*'Pesos finales'!$B$5+H7*'Pesos finales'!$B$6+I7*'Pesos finales'!$B$7+J7*'Pesos finales'!$B$8+'Pesos finales'!$B$12) | L7: =TANH(G7*'Pesos finales'!$C$5+H7*'Pesos finales'!$C$6+I7*'Pesos finales'!$C$7+J7*'Pesos finales'!$C$8+'Pesos finales'!$C$12) | M7: =TANH(G7*'Pesos finales'!$D$5+H7*'Pesos finales'!$D$6+I7*'Pesos finales'!$D$7+J7*'Pesos finales'!$D$8+'Pesos finales'!$D$12) | N7: =TANH(G7*'Pesos finales'!$E$5+H7*'Pesos finales'!$E$6+I7*'Pesos finales'!$E$7+J7*'Pesos finales'!$E$8+'Pesos finales'!$E$12) | O7: =TANH(G7*'Pesos finales'!$F$5+H7*'Pesos finales'!$F$6+I7*'Pesos finales'!$F$7+J7*'Pesos finales'!$F$8+'Pesos finales'!$F$12) | P7: =TANH(G7*'Pesos finales'!$G$5+H7*'Pesos finales'!$G$6+I7*'Pesos finales'!$G$7+J7*'Pesos finales'!$G$8+'Pesos finales'!$G$12) | Q7: =TANH(G7*'Pesos finales'!$H$5+H7*'Pesos finales'!$H$6+I7*'Pesos finales'!$H$7+J7*'Pesos finales'!$H$8+'Pesos finales'!$H$12) | R7: =TANH(G7*'Pesos finales'!$I$5+H7*'Pesos finales'!$I$6+I7*'Pesos finales'!$I$7+J7*'Pesos finales'!$I$8+'Pesos finales'!$I$12) | S7: =K7*'Pesos finales'!$B$16+L7*'Pesos finales'!$B$17+M7*'Pesos finales'!$B$18+N7*'Pesos finales'!$B$19+O7*'Pesos finales'!$B$20+P7*'Pesos finales'!$B$21+Q7*'Pesos finales'!$B$22+R7*'Pesos finales'!$B$23+'Pesos finales'!$B$27 | T7: =K7*'Pesos finales'!$C$16+L7*'Pesos finales'!$C$17+M7*'Pesos finales'!$C$18+N7*'Pesos finales'!$C$19+O7*'Pesos finales'!$C$20+P7*'Pesos finales'!$C$21+Q7*'Pesos finales'!$C$22+R7*'Pesos finales'!$C$23+'Pesos finales'!$C$27 | U7: =K7*'Pesos finales'!$D$16+L7*'Pesos finales'!$D$17+M7*'Pesos finales'!$D$18+N7*'Pesos finales'!$D$19+O7*'Pesos finales'!$D$20+P7*'Pesos finales'!$D$21+Q7*'Pesos finales'!$D$22+R7*'Pesos finales'!$D$23+'Pesos finales'!$D$27 | V7: =EXP(S7)/(EXP(S7)+EXP(T7)+EXP(U7)) | W7: =EXP(T7)/(EXP(S7)+EXP(T7)+EXP(U7)) | X7: =EXP(U7)/(EXP(S7)+EXP(T7)+EXP(U7)) | Y7: =IF(AND(V7>=W7,V7>=X7),"Iris-setosa",IF(AND(W7>=X7),"Iris-versicolor","Iris-virginica")) | Z7: Iris-setosa | AA7: =IF(Y7=Z7,"Sí","No") | AB7: 0.99820742 | AC7: 0.0017925094 | AD7: 7.5015303e-08 | AE7: Iris-setosa | AF7: =MAX(ABS(V7-AB7),ABS(W7-AC7),ABS(X7-AD7)) | AG7: =IF(AND(Y7=AE7,AF7<1E-9),"Sí","No")
A8: 2 | B8: entrenamiento | C8: 4.9 | D8: 3 | E8: 1.4 | F8: 0.2 | G8: =(C8-'Pesos finales'!$B$31)/'Pesos finales'!$B$32 | H8: =(D8-'Pesos finales'!$C$31)/'Pesos finales'!$C$32 | I8: =(E8-'Pesos finales'!$D$31)/'Pesos finales'!$D$32 | J8: =(F8-'Pesos finales'!$E$31)/'Pesos finales'!$E$32 | K8: =TANH(G8*'Pesos finales'!$B$5+H8*'Pesos finales'!$B$6+I8*'Pesos finales'!$B$7+J8*'Pesos finales'!$B$8+'Pesos finales'!$B$12) | L8: =TANH(G8*'Pesos finales'!$C$5+H8*'Pesos finales'!$C$6+I8*'Pesos finales'!$C$7+J8*'Pesos finales'!$C$8+'Pesos finales'!$C$12) | M8: =TANH(G8*'Pesos finales'!$D$5+H8*'Pesos finales'!$D$6+I8*'Pesos finales'!$D$7+J8*'Pesos finales'!$D$8+'Pesos finales'!$D$12) | N8: =TANH(G8*'Pesos finales'!$E$5+H8*'Pesos finales'!$E$6+I8*'Pesos finales'!$E$7+J8*'Pesos finales'!$E$8+'Pesos finales'!$E$12) | O8: =TANH(G8*'Pesos finales'!$F$5+H8*'Pesos finales'!$F$6+I8*'Pesos finales'!$F$7+J8*'Pesos finales'!$F$8+'Pesos finales'!$F$12) | P8: =TANH(G8*'Pesos finales'!$G$5+H8*'Pesos finales'!$G$6+I8*'Pesos finales'!$G$7+J8*'Pesos finales'!$G$8+'Pesos finales'!$G$12) | Q8: =TANH(G8*'Pesos finales'!$H$5+H8*'Pesos finales'!$H$6+I8*'Pesos finales'!$H$7+J8*'Pesos finales'!$H$8+'Pesos finales'!$H$12) | R8: =TANH(G8*'Pesos finales'!$I$5+H8*'Pesos finales'!$I$6+I8*'Pesos finales'!$I$7+J8*'Pesos finales'!$I$8+'Pesos finales'!$I$12) | S8: =K8*'Pesos finales'!$B$16+L8*'Pesos finales'!$B$17+M8*'Pesos finales'!$B$18+N8*'Pesos finales'!$B$19+O8*'Pesos finales'!$B$20+P8*'Pesos finales'!$B$21+Q8*'Pesos finales'!$B$22+R8*'Pesos finales'!$B$23+'Pesos finales'!$B$27 | T8: =K8*'Pesos finales'!$C$16+L8*'Pesos finales'!$C$17+M8*'Pesos finales'!$C$18+N8*'Pesos finales'!$C$19+O8*'Pesos finales'!$C$20+P8*'Pesos finales'!$C$21+Q8*'Pesos finales'!$C$22+R8*'Pesos finales'!$C$23+'Pesos finales'!$C$27 | U8: =K8*'Pesos finales'!$D$16+L8*'Pesos finales'!$D$17+M8*'Pesos finales'!$D$18+N8*'Pesos finales'!$D$19+O8*'Pesos finales'!$D$20+P8*'Pesos finales'!$D$21+Q8*'Pesos finales'!$D$22+R8*'Pesos finales'!$D$23+'Pesos finales'!$D$27 | V8: =EXP(S8)/(EXP(S8)+EXP(T8)+EXP(U8)) | W8: =EXP(T8)/(EXP(S8)+EXP(T8)+EXP(U8)) | X8: =EXP(U8)/(EXP(S8)+EXP(T8)+EXP(U8)) | Y8: =IF(AND(V8>=W8,V8>=X8),"Iris-setosa",IF(AND(W8>=X8),"Iris-versicolor","Iris-virginica")) | Z8: Iris-setosa | AA8: =IF(Y8=Z8,"Sí","No") | AB8: 0.99751163 | AC8: 0.0024882669 | AD8: 9.8918583e-08 | AE8: Iris-setosa | AF8: =MAX(ABS(V8-AB8),ABS(W8-AC8),ABS(X8-AD8)) | AG8: =IF(AND(Y8=AE8,AF8<1E-9),"Sí","No")
A9: 3 | B9: entrenamiento | C9: 4.7 | D9: 3.2 | E9: 1.3 | F9: 0.2 | G9: =(C9-'Pesos finales'!$B$31)/'Pesos finales'!$B$32 | H9: =(D9-'Pesos finales'!$C$31)/'Pesos finales'!$C$32 | I9: =(E9-'Pesos finales'!$D$31)/'Pesos finales'!$D$32 | J9: =(F9-'Pesos finales'!$E$31)/'Pesos finales'!$E$32 | K9: =TANH(G9*'Pesos finales'!$B$5+H9*'Pesos finales'!$B$6+I9*'Pesos finales'!$B$7+J9*'Pesos finales'!$B$8+'Pesos finales'!$B$12) | L9: =TANH(G9*'Pesos finales'!$C$5+H9*'Pesos finales'!$C$6+I9*'Pesos finales'!$C$7+J9*'Pesos finales'!$C$8+'Pesos finales'!$C$12) | M9: =TANH(G9*'Pesos finales'!$D$5+H9*'Pesos finales'!$D$6+I9*'Pesos finales'!$D$7+J9*'Pesos finales'!$D$8+'Pesos finales'!$D$12) | N9: =TANH(G9*'Pesos finales'!$E$5+H9*'Pesos finales'!$E$6+I9*'Pesos finales'!$E$7+J9*'Pesos finales'!$E$8+'Pesos finales'!$E$12) | O9: =TANH(G9*'Pesos finales'!$F$5+H9*'Pesos finales'!$F$6+I9*'Pesos finales'!$F$7+J9*'Pesos finales'!$F$8+'Pesos finales'!$F$12) | P9: =TANH(G9*'Pesos finales'!$G$5+H9*'Pesos finales'!$G$6+I9*'Pesos finales'!$G$7+J9*'Pesos finales'!$G$8+'Pesos finales'!$G$12) | Q9: =TANH(G9*'Pesos finales'!$H$5+H9*'Pesos finales'!$H$6+I9*'Pesos finales'!$H$7+J9*'Pesos finales'!$H$8+'Pesos finales'!$H$12) | R9: =TANH(G9*'Pesos finales'!$I$5+H9*'Pesos finales'!$I$6+I9*'Pesos finales'!$I$7+J9*'Pesos finales'!$I$8+'Pesos finales'!$I$12) | S9: =K9*'Pesos finales'!$B$16+L9*'Pesos finales'!$B$17+M9*'Pesos finales'!$B$18+N9*'Pesos finales'!$B$19+O9*'Pesos finales'!$B$20+P9*'Pesos finales'!$B$21+Q9*'Pesos finales'!$B$22+R9*'Pesos finales'!$B$23+'Pesos finales'!$B$27 | T9: =K9*'Pesos finales'!$C$16+L9*'Pesos finales'!$C$17+M9*'Pesos finales'!$C$18+N9*'Pesos finales'!$C$19+O9*'Pesos finales'!$C$20+P9*'Pesos finales'!$C$21+Q9*'Pesos finales'!$C$22+R9*'Pesos finales'!$C$23+'Pesos finales'!$C$27 | U9: =K9*'Pesos finales'!$D$16+L9*'Pesos finales'!$D$17+M9*'Pesos finales'!$D$18+N9*'Pesos finales'!$D$19+O9*'Pesos finales'!$D$20+P9*'Pesos finales'!$D$21+Q9*'Pesos finales'!$D$22+R9*'Pesos finales'!$D$23+'Pesos finales'!$D$27 | V9: =EXP(S9)/(EXP(S9)+EXP(T9)+EXP(U9)) | W9: =EXP(T9)/(EXP(S9)+EXP(T9)+EXP(U9)) | X9: =EXP(U9)/(EXP(S9)+EXP(T9)+EXP(U9)) | Y9: =IF(AND(V9>=W9,V9>=X9),"Iris-setosa",IF(AND(W9>=X9),"Iris-versicolor","Iris-virginica")) | Z9: Iris-setosa | AA9: =IF(Y9=Z9,"Sí","No") | AB9: 0.99809519 | AC9: 0.0019047296 | AD9: 8.035004e-08 | AE9: Iris-setosa | AF9: =MAX(ABS(V9-AB9),ABS(W9-AC9),ABS(X9-AD9)) | AG9: =IF(AND(Y9=AE9,AF9<1E-9),"Sí","No")
A10: 4 | B10: entrenamiento | C10: 4.6 | D10: 3.1 | E10: 1.5 | F10: 0.2 | G10: =(C10-'Pesos finales'!$B$31)/'Pesos finales'!$B$32 | H10: =(D10-'Pesos finales'!$C$31)/'Pesos finales'!$C$32 | I10: =(E10-'Pesos finales'!$D$31)/'Pesos finales'!$D$32 | J10: =(F10-'Pesos finales'!$E$31)/'Pesos finales'!$E$32 | K10: =TANH(G10*'Pesos finales'!$B$5+H10*'Pesos finales'!$B$6+I10*'Pesos finales'!$B$7+J10*'Pesos finales'!$B$8+'Pesos finales'!$B$12) | L10: =TANH(G10*'Pesos finales'!$C$5+H10*'Pesos finales'!$C$6+I10*'Pesos finales'!$C$7+J10*'Pesos finales'!$C$8+'Pesos finales'!$C$12) | M10: =TANH(G10*'Pesos finales'!$D$5+H10*'Pesos finales'!$D$6+I10*'Pesos finales'!$D$7+J10*'Pesos finales'!$D$8+'Pesos finales'!$D$12) | N10: =TANH(G10*'Pesos finales'!$E$5+H10*'Pesos finales'!$E$6+I10*'Pesos finales'!$E$7+J10*'Pesos finales'!$E$8+'Pesos finales'!$E$12) | O10: =TANH(G10*'Pesos finales'!$F$5+H10*'Pesos finales'!$F$6+I10*'Pesos finales'!$F$7+J10*'Pesos finales'!$F$8+'Pesos finales'!$F$12) | P10: =TANH(G10*'Pesos finales'!$G$5+H10*'Pesos finales'!$G$6+I10*'Pesos finales'!$G$7+J10*'Pesos finales'!$G$8+'Pesos finales'!$G$12) | Q10: =TANH(G10*'Pesos finales'!$H$5+H10*'Pesos finales'!$H$6+I10*'Pesos finales'!$H$7+J10*'Pesos finales'!$H$8+'Pesos finales'!$H$12) | R10: =TANH(G10*'Pesos finales'!$I$5+H10*'Pesos finales'!$I$6+I10*'Pesos finales'!$I$7+J10*'Pesos finales'!$I$8+'Pesos finales'!$I$12) | S10: =K10*'Pesos finales'!$B$16+L10*'Pesos finales'!$B$17+M10*'Pesos finales'!$B$18+N10*'Pesos finales'!$B$19+O10*'Pesos finales'!$B$20+P10*'Pesos finales'!$B$21+Q10*'Pesos finales'!$B$22+R10*'Pesos finales'!$B$23+'Pesos finales'!$B$27 | T10: =K10*'Pesos finales'!$C$16+L10*'Pesos finales'!$C$17+M10*'Pesos finales'!$C$18+N10*'Pesos finales'!$C$19+O10*'Pesos finales'!$C$20+P10*'Pesos finales'!$C$21+Q10*'Pesos finales'!$C$22+R10*'Pesos finales'!$C$23+'Pesos finales'!$C$27 | U10: =K10*'Pesos finales'!$D$16+L10*'Pesos finales'!$D$17+M10*'Pesos finales'!$D$18+N10*'Pesos finales'!$D$19+O10*'Pesos finales'!$D$20+P10*'Pesos finales'!$D$21+Q10*'Pesos finales'!$D$22+R10*'Pesos finales'!$D$23+'Pesos finales'!$D$27 | V10: =EXP(S10)/(EXP(S10)+EXP(T10)+EXP(U10)) | W10: =EXP(T10)/(EXP(S10)+EXP(T10)+EXP(U10)) | X10: =EXP(U10)/(EXP(S10)+EXP(T10)+EXP(U10)) | Y10: =IF(AND(V10>=W10,V10>=X10),"Iris-setosa",IF(AND(W10>=X10),"Iris-versicolor","Iris-virginica")) | Z10: Iris-setosa | AA10: =IF(Y10=Z10,"Sí","No") | AB10: 0.99790472 | AC10: 0.0020951904 | AD10: 8.907366e-08 | AE10: Iris-setosa | AF10: =MAX(ABS(V10-AB10),ABS(W10-AC10),ABS(X10-AD10)) | AG10: =IF(AND(Y10=AE10,AF10<1E-9),"Sí","No")
A11: 5 | B11: entrenamiento | C11: 5 | D11: 3.6 | E11: 1.4 | F11: 0.2 | G11: =(C11-'Pesos finales'!$B$31)/'Pesos finales'!$B$32 | H11: =(D11-'Pesos finales'!$C$31)/'Pesos finales'!$C$32 | I11: =(E11-'Pesos finales'!$D$31)/'Pesos finales'!$D$32 | J11: =(F11-'Pesos finales'!$E$31)/'Pesos finales'!$E$32 | K11: =TANH(G11*'Pesos finales'!$B$5+H11*'Pesos finales'!$B$6+I11*'Pesos finales'!$B$7+J11*'Pesos finales'!$B$8+'Pesos finales'!$B$12) | L11: =TANH(G11*'Pesos finales'!$C$5+H11*'Pesos finales'!$C$6+I11*'Pesos finales'!$C$7+J11*'Pesos finales'!$C$8+'Pesos finales'!$C$12) | M11: =TANH(G11*'Pesos finales'!$D$5+H11*'Pesos finales'!$D$6+I11*'Pesos finales'!$D$7+J11*'Pesos finales'!$D$8+'Pesos finales'!$D$12) | N11: =TANH(G11*'Pesos finales'!$E$5+H11*'Pesos finales'!$E$6+I11*'Pesos finales'!$E$7+J11*'Pesos finales'!$E$8+'Pesos finales'!$E$12) | O11: =TANH(G11*'Pesos finales'!$F$5+H11*'Pesos finales'!$F$6+I11*'Pesos finales'!$F$7+J11*'Pesos finales'!$F$8+'Pesos finales'!$F$12) | P11: =TANH(G11*'Pesos finales'!$G$5+H11*'Pesos finales'!$G$6+I11*'Pesos finales'!$G$7+J11*'Pesos finales'!$G$8+'Pesos finales'!$G$12) | Q11: =TANH(G11*'Pesos finales'!$H$5+H11*'Pesos finales'!$H$6+I11*'Pesos finales'!$H$7+J11*'Pesos finales'!$H$8+'Pesos finales'!$H$12) | R11: =TANH(G11*'Pesos finales'!$I$5+H11*'Pesos finales'!$I$6+I11*'Pesos finales'!$I$7+J11*'Pesos finales'!$I$8+'Pesos finales'!$I$12) | S11: =K11*'Pesos finales'!$B$16+L11*'Pesos finales'!$B$17+M11*'Pesos finales'!$B$18+N11*'Pesos finales'!$B$19+O11*'Pesos finales'!$B$20+P11*'Pesos finales'!$B$21+Q11*'Pesos finales'!$B$22+R11*'Pesos finales'!$B$23+'Pesos finales'!$B$27 | T11: =K11*'Pesos finales'!$C$16+L11*'Pesos finales'!$C$17+M11*'Pesos finales'!$C$18+N11*'Pesos finales'!$C$19+O11*'Pesos finales'!$C$20+P11*'Pesos finales'!$C$21+Q11*'Pesos finales'!$C$22+R11*'Pesos finales'!$C$23+'Pesos finales'!$C$27 | U11: =K11*'Pesos finales'!$D$16+L11*'Pesos finales'!$D$17+M11*'Pesos finales'!$D$18+N11*'Pesos finales'!$D$19+O11*'Pesos finales'!$D$20+P11*'Pesos finales'!$D$21+Q11*'Pesos finales'!$D$22+R11*'Pesos finales'!$D$23+'Pesos finales'!$D$27 | V11: =EXP(S11)/(EXP(S11)+EXP(T11)+EXP(U11)) | W11: =EXP(T11)/(EXP(S11)+EXP(T11)+EXP(U11)) | X11: =EXP(U11)/(EXP(S11)+EXP(T11)+EXP(U11)) | Y11: =IF(AND(V11>=W11,V11>=X11),"Iris-setosa",IF(AND(W11>=X11),"Iris-versicolor","Iris-virginica")) | Z11: Iris-setosa | AA11: =IF(Y11=Z11,"Sí","No") | AB11: 0.99829328 | AC11: 0.0017066454 | AD11: 7.3259695e-08 | AE11: Iris-setosa | AF11: =MAX(ABS(V11-AB11),ABS(W11-AC11),ABS(X11-AD11)) | AG11: =IF(AND(Y11=AE11,AF11<1E-9),"Sí","No")
A12: 6 | B12: prueba | C12: 5.4 | D12: 3.9 | E12: 1.7 | F12: 0.4 | G12: =(C12-'Pesos finales'!$B$31)/'Pesos finales'!$B$32 | H12: =(D12-'Pesos finales'!$C$31)/'Pesos finales'!$C$32 | I12: =(E12-'Pesos finales'!$D$31)/'Pesos finales'!$D$32 | J12: =(F12-'Pesos finales'!$E$31)/'Pesos finales'!$E$32 | K12: =TANH(G12*'Pesos finales'!$B$5+H12*'Pesos finales'!$B$6+I12*'Pesos finales'!$B$7+J12*'Pesos finales'!$B$8+'Pesos finales'!$B$12) | L12: =TANH(G12*'Pesos finales'!$C$5+H12*'Pesos finales'!$C$6+I12*'Pesos finales'!$C$7+J12*'Pesos finales'!$C$8+'Pesos finales'!$C$12) | M12: =TANH(G12*'Pesos finales'!$D$5+H12*'Pesos finales'!$D$6+I12*'Pesos finales'!$D$7+J12*'Pesos finales'!$D$8+'Pesos finales'!$D$12) | N12: =TANH(G12*'Pesos finales'!$E$5+H12*'Pesos finales'!$E$6+I12*'Pesos finales'!$E$7+J12*'Pesos finales'!$E$8+'Pesos finales'!$E$12) | O12: =TANH(G12*'Pesos finales'!$F$5+H12*'Pesos finales'!$F$6+I12*'Pesos finales'!$F$7+J12*'Pesos finales'!$F$8+'Pesos finales'!$F$12) | P12: =TANH(G12*'Pesos finales'!$G$5+H12*'Pesos finales'!$G$6+I12*'Pesos finales'!$G$7+J12*'Pesos finales'!$G$8+'Pesos finales'!$G$12) | Q12: =TANH(G12*'Pesos finales'!$H$5+H12*'Pesos finales'!$H$6+I12*'Pesos finales'!$H$7+J12*'Pesos finales'!$H$8+'Pesos finales'!$H$12) | R12: =TANH(G12*'Pesos finales'!$I$5+H12*'Pesos finales'!$I$6+I12*'Pesos finales'!$I$7+J12*'Pesos finales'!$I$8+'Pesos finales'!$I$12) | S12: =K12*'Pesos finales'!$B$16+L12*'Pesos finales'!$B$17+M12*'Pesos finales'!$B$18+N12*'Pesos finales'!$B$19+O12*'Pesos finales'!$B$20+P12*'Pesos finales'!$B$21+Q12*'Pesos finales'!$B$22+R12*'Pesos finales'!$B$23+'Pesos finales'!$B$27 | T12: =K12*'Pesos finales'!$C$16+L12*'Pesos finales'!$C$17+M12*'Pesos finales'!$C$18+N12*'Pesos finales'!$C$19+O12*'Pesos finales'!$C$20+P12*'Pesos finales'!$C$21+Q12*'Pesos finales'!$C$22+R12*'Pesos finales'!$C$23+'Pesos finales'!$C$27 | U12: =K12*'Pesos finales'!$D$16+L12*'Pesos finales'!$D$17+M12*'Pesos finales'!$D$18+N12*'Pesos finales'!$D$19+O12*'Pesos finales'!$D$20+P12*'Pesos finales'!$D$21+Q12*'Pesos finales'!$D$22+R12*'Pesos finales'!$D$23+'Pesos finales'!$D$27 | V12: =EXP(S12)/(EXP(S12)+EXP(T12)+EXP(U12)) | W12: =EXP(T12)/(EXP(S12)+EXP(T12)+EXP(U12)) | X12: =EXP(U12)/(EXP(S12)+EXP(T12)+EXP(U12)) | Y12: =IF(AND(V12>=W12,V12>=X12),"Iris-setosa",IF(AND(W12>=X12),"Iris-versicolor","Iris-virginica")) | Z12: Iris-setosa | AA12: =IF(Y12=Z12,"Sí","No") | AB12: 0.9982337 | AC12: 0.0017662219 | AD12: 8.1036459e-08 | AE12: Iris-setosa | AF12: =MAX(ABS(V12-AB12),ABS(W12-AC12),ABS(X12-AD12)) | AG12: =IF(AND(Y12=AE12,AF12<1E-9),"Sí","No")
A13: 7 | B13: entrenamiento | C13: 4.6 | D13: 3.4 | E13: 1.4 | F13: 0.3 | G13: =(C13-'Pesos finales'!$B$31)/'Pesos finales'!$B$32 | H13: =(D13-'Pesos finales'!$C$31)/'Pesos finales'!$C$32 | I13: =(E13-'Pesos finales'!$D$31)/'Pesos finales'!$D$32 | J13: =(F13-'Pesos finales'!$E$31)/'Pesos finales'!$E$32 | K13: =TANH(G13*'Pesos finales'!$B$5+H13*'Pesos finales'!$B$6+I13*'Pesos finales'!$B$7+J13*'Pesos finales'!$B$8+'Pesos finales'!$B$12) | L13: =TANH(G13*'Pesos finales'!$C$5+H13*'Pesos finales'!$C$6+I13*'Pesos finales'!$C$7+J13*'Pesos finales'!$C$8+'Pesos finales'!$C$12) | M13: =TANH(G13*'Pesos finales'!$D$5+H13*'Pesos finales'!$D$6+I13*'Pesos finales'!$D$7+J13*'Pesos finales'!$D$8+'Pesos finales'!$D$12) | N13: =TANH(G13*'Pesos finales'!$E$5+H13*'Pesos finales'!$E$6+I13*'Pesos finales'!$E$7+J13*'Pesos finales'!$E$8+'Pesos finales'!$E$12) | O13: =TANH(G13*'Pesos finales'!$F$5+H13*'Pesos finales'!$F$6+I13*'Pesos finales'!$F$7+J13*'Pesos finales'!$F$8+'Pesos finales'!$F$12) | P13: =TANH(G13*'Pesos finales'!$G$5+H13*'Pesos finales'!$G$6+I13*'Pesos finales'!$G$7+J13*'Pesos finales'!$G$8+'Pesos finales'!$G$12) | Q13: =TANH(G13*'Pesos finales'!$H$5+H13*'Pesos finales'!$H$6+I13*'Pesos finales'!$H$7+J13*'Pesos finales'!$H$8+'Pesos finales'!$H$12) | R13: =TANH(G13*'Pesos finales'!$I$5+H13*'Pesos finales'!$I$6+I13*'Pesos finales'!$I$7+J13*'Pesos finales'!$I$8+'Pesos finales'!$I$12) | S13: =K13*'Pesos finales'!$B$16+L13*'Pesos finales'!$B$17+M13*'Pesos finales'!$B$18+N13*'Pesos finales'!$B$19+O13*'Pesos finales'!$B$20+P13*'Pesos finales'!$B$21+Q13*'Pesos finales'!$B$22+R13*'Pesos finales'!$B$23+'Pesos finales'!$B$27 | T13: =K13*'Pesos finales'!$C$16+L13*'Pesos finales'!$C$17+M13*'Pesos finales'!$C$18+N13*'Pesos finales'!$C$19+O13*'Pesos finales'!$C$20+P13*'Pesos finales'!$C$21+Q13*'Pesos finales'!$C$22+R13*'Pesos finales'!$C$23+'Pesos finales'!$C$27 | U13: =K13*'Pesos finales'!$D$16+L13*'Pesos finales'!$D$17+M13*'Pesos finales'!$D$18+N13*'Pesos finales'!$D$19+O13*'Pesos finales'!$D$20+P13*'Pesos finales'!$D$21+Q13*'Pesos finales'!$D$22+R13*'Pesos finales'!$D$23+'Pesos finales'!$D$27 | V13: =EXP(S13)/(EXP(S13)+EXP(T13)+EXP(U13)) | W13: =EXP(T13)/(EXP(S13)+EXP(T13)+EXP(U13)) | X13: =EXP(U13)/(EXP(S13)+EXP(T13)+EXP(U13)) | Y13: =IF(AND(V13>=W13,V13>=X13),"Iris-setosa",IF(AND(W13>=X13),"Iris-versicolor","Iris-virginica")) | Z13: Iris-setosa | AA13: =IF(Y13=Z13,"Sí","No") | AB13: 0.99819759 | AC13: 0.0018023258 | AD13: 8.3217079e-08 | AE13: Iris-setosa | AF13: =MAX(ABS(V13-AB13),ABS(W13-AC13),ABS(X13-AD13)) | AG13: =IF(AND(Y13=AE13,AF13<1E-9),"Sí","No")
A14: 8 | B14: entrenamiento | C14: 5 | D14: 3.4 | E14: 1.5 | F14: 0.2 | G14: =(C14-'Pesos finales'!$B$31)/'Pesos finales'!$B$32 | H14: =(D14-'Pesos finales'!$C$31)/'Pesos finales'!$C$32 | I14: =(E14-'Pesos finales'!$D$31)/'Pesos finales'!$D$32 | J14: =(F14-'Pesos finales'!$E$31)/'Pesos finales'!$E$32 | K14: =TANH(G14*'Pesos finales'!$B$5+H14*'Pesos finales'!$B$6+I14*'Pesos finales'!$B$7+J14*'Pesos finales'!$B$8+'Pesos finales'!$B$12) | L14: =TANH(G14*'Pesos finales'!$C$5+H14*'Pesos finales'!$C$6+I14*'Pesos finales'!$C$7+J14*'Pesos finales'!$C$8+'Pesos finales'!$C$12) | M14: =TANH(G14*'Pesos finales'!$D$5+H14*'Pesos finales'!$D$6+I14*'Pesos finales'!$D$7+J14*'Pesos finales'!$D$8+'Pesos finales'!$D$12) | N14: =TANH(G14*'Pesos finales'!$E$5+H14*'Pesos finales'!$E$6+I14*'Pesos finales'!$E$7+J14*'Pesos finales'!$E$8+'Pesos finales'!$E$12) | O14: =TANH(G14*'Pesos finales'!$F$5+H14*'Pesos finales'!$F$6+I14*'Pesos finales'!$F$7+J14*'Pesos finales'!$F$8+'Pesos finales'!$F$12) | P14: =TANH(G14*'Pesos finales'!$G$5+H14*'Pesos finales'!$G$6+I14*'Pesos finales'!$G$7+J14*'Pesos finales'!$G$8+'Pesos finales'!$G$12) | Q14: =TANH(G14*'Pesos finales'!$H$5+H14*'Pesos finales'!$H$6+I14*'Pesos finales'!$H$7+J14*'Pesos finales'!$H$8+'Pesos finales'!$H$12) | R14: =TANH(G14*'Pesos finales'!$I$5+H14*'Pesos finales'!$I$6+I14*'Pesos finales'!$I$7+J14*'Pesos finales'!$I$8+'Pesos finales'!$I$12) | S14: =K14*'Pesos finales'!$B$16+L14*'Pesos finales'!$B$17+M14*'Pesos finales'!$B$18+N14*'Pesos finales'!$B$19+O14*'Pesos finales'!$B$20+P14*'Pesos finales'!$B$21+Q14*'Pesos finales'!$B$22+R14*'Pesos finales'!$B$23+'Pesos finales'!$B$27 | T14: =K14*'Pesos finales'!$C$16+L14*'Pesos finales'!$C$17+M14*'Pesos finales'!$C$18+N14*'Pesos finales'!$C$19+O14*'Pesos finales'!$C$20+P14*'Pesos finales'!$C$21+Q14*'Pesos finales'!$C$22+R14*'Pesos finales'!$C$23+'Pesos finales'!$C$27 | U14: =K14*'Pesos finales'!$D$16+L14*'Pesos finales'!$D$17+M14*'Pesos finales'!$D$18+N14*'Pesos finales'!$D$19+O14*'Pesos finales'!$D$20+P14*'Pesos finales'!$D$21+Q14*'Pesos finales'!$D$22+R14*'Pesos finales'!$D$23+'Pesos finales'!$D$27 | V14: =EXP(S14)/(EXP(S14)+EXP(T14)+EXP(U14)) | W14: =EXP(T14)/(EXP(S14)+EXP(T14)+EXP(U14)) | X14: =EXP(U14)/(EXP(S14)+EXP(T14)+EXP(U14)) | Y14: =IF(AND(V14>=W14,V14>=X14),"Iris-setosa",IF(AND(W14>=X14),"Iris-versicolor","Iris-virginica")) | Z14: Iris-setosa | AA14: =IF(Y14=Z14,"Sí","No") | AB14: 0.99811305 | AC14: 0.0018868719 | AD14: 7.9254601e-08 | AE14: Iris-setosa | AF14: =MAX(ABS(V14-AB14),ABS(W14-AC14),ABS(X14-AD14)) | AG14: =IF(AND(Y14=AE14,AF14<1E-9),"Sí","No")
A15: 9 | B15: entrenamiento | C15: 4.4 | D15: 2.9 | E15: 1.4 | F15: 0.2 | G15: =(C15-'Pesos finales'!$B$31)/'Pesos finales'!$B$32 | H15: =(D15-'Pesos finales'!$C$31)/'Pesos finales'!$C$32 | I15: =(E15-'Pesos finales'!$D$31)/'Pesos finales'!$D$32 | J15: =(F15-'Pesos finales'!$E$31)/'Pesos finales'!$E$32 | K15: =TANH(G15*'Pesos finales'!$B$5+H15*'Pesos finales'!$B$6+I15*'Pesos finales'!$B$7+J15*'Pesos finales'!$B$8+'Pesos finales'!$B$12) | L15: =TANH(G15*'Pesos finales'!$C$5+H15*'Pesos finales'!$C$6+I15*'Pesos finales'!$C$7+J15*'Pesos finales'!$C$8+'Pesos finales'!$C$12) | M15: =TANH(G15*'Pesos finales'!$D$5+H15*'Pesos finales'!$D$6+I15*'Pesos finales'!$D$7+J15*'Pesos finales'!$D$8+'Pesos finales'!$D$12) | N15: =TANH(G15*'Pesos finales'!$E$5+H15*'Pesos finales'!$E$6+I15*'Pesos finales'!$E$7+J15*'Pesos finales'!$E$8+'Pesos finales'!$E$12) | O15: =TANH(G15*'Pesos finales'!$F$5+H15*'Pesos finales'!$F$6+I15*'Pesos finales'!$F$7+J15*'Pesos finales'!$F$8+'Pesos finales'!$F$12) | P15: =TANH(G15*'Pesos finales'!$G$5+H15*'Pesos finales'!$G$6+I15*'Pesos finales'!$G$7+J15*'Pesos finales'!$G$8+'Pesos finales'!$G$12) | Q15: =TANH(G15*'Pesos finales'!$H$5+H15*'Pesos finales'!$H$6+I15*'Pesos finales'!$H$7+J15*'Pesos finales'!$H$8+'Pesos finales'!$H$12) | R15: =TANH(G15*'Pesos finales'!$I$5+H15*'Pesos finales'!$I$6+I15*'Pesos finales'!$I$7+J15*'Pesos finales'!$I$8+'Pesos finales'!$I$12) | S15: =K15*'Pesos finales'!$B$16+L15*'Pesos finales'!$B$17+M15*'Pesos finales'!$B$18+N15*'Pesos finales'!$B$19+O15*'Pesos finales'!$B$20+P15*'Pesos finales'!$B$21+Q15*'Pesos finales'!$B$22+R15*'Pesos finales'!$B$23+'Pesos finales'!$B$27 | T15: =K15*'Pesos finales'!$C$16+L15*'Pesos finales'!$C$17+M15*'Pesos finales'!$C$18+N15*'Pesos finales'!$C$19+O15*'Pesos finales'!$C$20+P15*'Pesos finales'!$C$21+Q15*'Pesos finales'!$C$22+R15*'Pesos finales'!$C$23+'Pesos finales'!$C$27 | U15: =K15*'Pesos finales'!$D$16+L15*'Pesos finales'!$D$17+M15*'Pesos finales'!$D$18+N15*'Pesos finales'!$D$19+O15*'Pesos finales'!$D$20+P15*'Pesos finales'!$D$21+Q15*'Pesos finales'!$D$22+R15*'Pesos finales'!$D$23+'Pesos finales'!$D$27 | V15: =EXP(S15)/(EXP(S15)+EXP(T15)+EXP(U15)) | W15: =EXP(T15)/(EXP(S15)+EXP(T15)+EXP(U15)) | X15: =EXP(U15)/(EXP(S15)+EXP(T15)+EXP(U15)) | Y15: =IF(AND(V15>=W15,V15>=X15),"Iris-setosa",IF(AND(W15>=X15),"Iris-versicolor","Iris-virginica")) | Z15: Iris-setosa | AA15: =IF(Y15=Z15,"Sí","No") | AB15: 0.99773839 | AC15: 0.0022615108 | AD15: 9.5401917e-08 | AE15: Iris-setosa | AF15: =MAX(ABS(V15-AB15),ABS(W15-AC15),ABS(X15-AD15)) | AG15: =IF(AND(Y15=AE15,AF15<1E-9),"Sí","No")
A16: 10 | B16: entrenamiento | C16: 4.9 | D16: 3.1 | E16: 1.5 | F16: 0.1 | G16: =(C16-'Pesos finales'!$B$31)/'Pesos finales'!$B$32 | H16: =(D16-'Pesos finales'!$C$31)/'Pesos finales'!$C$32 | I16: =(E16-'Pesos finales'!$D$31)/'Pesos finales'!$D$32 | J16: =(F16-'Pesos finales'!$E$31)/'Pesos finales'!$E$32 | K16: =TANH(G16*'Pesos finales'!$B$5+H16*'Pesos finales'!$B$6+I16*'Pesos finales'!$B$7+J16*'Pesos finales'!$B$8+'Pesos finales'!$B$12) | L16: =TANH(G16*'Pesos finales'!$C$5+H16*'Pesos finales'!$C$6+I16*'Pesos finales'!$C$7+J16*'Pesos finales'!$C$8+'Pesos finales'!$C$12) | M16: =TANH(G16*'Pesos finales'!$D$5+H16*'Pesos finales'!$D$6+I16*'Pesos finales'!$D$7+J16*'Pesos finales'!$D$8+'Pesos finales'!$D$12) | N16: =TANH(G16*'Pesos finales'!$E$5+H16*'Pesos finales'!$E$6+I16*'Pesos finales'!$E$7+J16*'Pesos finales'!$E$8+'Pesos finales'!$E$12) | O16: =TANH(G16*'Pesos finales'!$F$5+H16*'Pesos finales'!$F$6+I16*'Pesos finales'!$F$7+J16*'Pesos finales'!$F$8+'Pesos finales'!$F$12) | P16: =TANH(G16*'Pesos finales'!$G$5+H16*'Pesos finales'!$G$6+I16*'Pesos finales'!$G$7+J16*'Pesos finales'!$G$8+'Pesos finales'!$G$12) | Q16: =TANH(G16*'Pesos finales'!$H$5+H16*'Pesos finales'!$H$6+I16*'Pesos finales'!$H$7+J16*'Pesos finales'!$H$8+'Pesos finales'!$H$12) | R16: =TANH(G16*'Pesos finales'!$I$5+H16*'Pesos finales'!$I$6+I16*'Pesos finales'!$I$7+J16*'Pesos finales'!$I$8+'Pesos finales'!$I$12) | S16: =K16*'Pesos finales'!$B$16+L16*'Pesos finales'!$B$17+M16*'Pesos finales'!$B$18+N16*'Pesos finales'!$B$19+O16*'Pesos finales'!$B$20+P16*'Pesos finales'!$B$21+Q16*'Pesos finales'!$B$22+R16*'Pesos finales'!$B$23+'Pesos finales'!$B$27 | T16: =K16*'Pesos finales'!$C$16+L16*'Pesos finales'!$C$17+M16*'Pesos finales'!$C$18+N16*'Pesos finales'!$C$19+O16*'Pesos finales'!$C$20+P16*'Pesos finales'!$C$21+Q16*'Pesos finales'!$C$22+R16*'Pesos finales'!$C$23+'Pesos finales'!$C$27 | U16: =K16*'Pesos finales'!$D$16+L16*'Pesos finales'!$D$17+M16*'Pesos finales'!$D$18+N16*'Pesos finales'!$D$19+O16*'Pesos finales'!$D$20+P16*'Pesos finales'!$D$21+Q16*'Pesos finales'!$D$22+R16*'Pesos finales'!$D$23+'Pesos finales'!$D$27 | V16: =EXP(S16)/(EXP(S16)+EXP(T16)+EXP(U16)) | W16: =EXP(T16)/(EXP(S16)+EXP(T16)+EXP(U16)) | X16: =EXP(U16)/(EXP(S16)+EXP(T16)+EXP(U16)) | Y16: =IF(AND(V16>=W16,V16>=X16),"Iris-setosa",IF(AND(W16>=X16),"Iris-versicolor","Iris-virginica")) | Z16: Iris-setosa | AA16: =IF(Y16=Z16,"Sí","No") | AB16: 0.99783668 | AC16: 0.0021632359 | AD16: 8.6721995e-08 | AE16: Iris-setosa | AF16: =MAX(ABS(V16-AB16),ABS(W16-AC16),ABS(X16-AD16)) | AG16: =IF(AND(Y16=AE16,AF16<1E-9),"Sí","No")
A17: 11 | B17: entrenamiento | C17: 5.4 | D17: 3.7 | E17: 1.5 | F17: 0.2 | G17: =(C17-'Pesos finales'!$B$31)/'Pesos finales'!$B$32 | H17: =(D17-'Pesos finales'!$C$31)/'Pesos finales'!$C$32 | I17: =(E17-'Pesos finales'!$D$31)/'Pesos finales'!$D$32 | J17: =(F17-'Pesos finales'!$E$31)/'Pesos finales'!$E$32 | K17: =TANH(G17*'Pesos finales'!$B$5+H17*'Pesos finales'!$B$6+I17*'Pesos finales'!$B$7+J17*'Pesos finales'!$B$8+'Pesos finales'!$B$12) | L17: =TANH(G17*'Pesos finales'!$C$5+H17*'Pesos finales'!$C$6+I17*'Pesos finales'!$C$7+J17*'Pesos finales'!$C$8+'Pesos finales'!$C$12) | M17: =TANH(G17*'Pesos finales'!$D$5+H17*'Pesos finales'!$D$6+I17*'Pesos finales'!$D$7+J17*'Pesos finales'!$D$8+'Pesos finales'!$D$12) | N17: =TANH(G17*'Pesos finales'!$E$5+H17*'Pesos finales'!$E$6+I17*'Pesos finales'!$E$7+J17*'Pesos finales'!$E$8+'Pesos finales'!$E$12) | O17: =TANH(G17*'Pesos finales'!$F$5+H17*'Pesos finales'!$F$6+I17*'Pesos finales'!$F$7+J17*'Pesos finales'!$F$8+'Pesos finales'!$F$12) | P17: =TANH(G17*'Pesos finales'!$G$5+H17*'Pesos finales'!$G$6+I17*'Pesos finales'!$G$7+J17*'Pesos finales'!$G$8+'Pesos finales'!$G$12) | Q17: =TANH(G17*'Pesos finales'!$H$5+H17*'Pesos finales'!$H$6+I17*'Pesos finales'!$H$7+J17*'Pesos finales'!$H$8+'Pesos finales'!$H$12) | R17: =TANH(G17*'Pesos finales'!$I$5+H17*'Pesos finales'!$I$6+I17*'Pesos finales'!$I$7+J17*'Pesos finales'!$I$8+'Pesos finales'!$I$12) | S17: =K17*'Pesos finales'!$B$16+L17*'Pesos finales'!$B$17+M17*'Pesos finales'!$B$18+N17*'Pesos finales'!$B$19+O17*'Pesos finales'!$B$20+P17*'Pesos finales'!$B$21+Q17*'Pesos finales'!$B$22+R17*'Pesos finales'!$B$23+'Pesos finales'!$B$27 | T17: =K17*'Pesos finales'!$C$16+L17*'Pesos finales'!$C$17+M17*'Pesos finales'!$C$18+N17*'Pesos finales'!$C$19+O17*'Pesos finales'!$C$20+P17*'Pesos finales'!$C$21+Q17*'Pesos finales'!$C$22+R17*'Pesos finales'!$C$23+'Pesos finales'!$C$27 | U17: =K17*'Pesos finales'!$D$16+L17*'Pesos finales'!$D$17+M17*'Pesos finales'!$D$18+N17*'Pesos finales'!$D$19+O17*'Pesos finales'!$D$20+P17*'Pesos finales'!$D$21+Q17*'Pesos finales'!$D$22+R17*'Pesos finales'!$D$23+'Pesos finales'!$D$27 | V17: =EXP(S17)/(EXP(S17)+EXP(T17)+EXP(U17)) | W17: =EXP(T17)/(EXP(S17)+EXP(T17)+EXP(U17)) | X17: =EXP(U17)/(EXP(S17)+EXP(T17)+EXP(U17)) | Y17: =IF(AND(V17>=W17,V17>=X17),"Iris-setosa",IF(AND(W17>=X17),"Iris-versicolor","Iris-virginica")) | Z17: Iris-setosa | AA17: =IF(Y17=Z17,"Sí","No") | AB17: 0.99824834 | AC17: 0.0017515895 | AD17: 7.277633e-08 | AE17: Iris-setosa | AF17: =MAX(ABS(V17-AB17),ABS(W17-AC17),ABS(X17-AD17)) | AG17: =IF(AND(Y17=AE17,AF17<1E-9),"Sí","No")
A18: 12 | B18: entrenamiento | C18: 4.8 | D18: 3.4 | E18: 1.6 | F18: 0.2 | G18: =(C18-'Pesos finales'!$B$31)/'Pesos finales'!$B$32 | H18: =(D18-'Pesos finales'!$C$31)/'Pesos finales'!$C$32 | I18: =(E18-'Pesos finales'!$D$31)/'Pesos finales'!$D$32 | J18: =(F18-'Pesos finales'!$E$31)/'Pesos finales'!$E$32 | K18: =TANH(G18*'Pesos finales'!$B$5+H18*'Pesos finales'!$B$6+I18*'Pesos finales'!$B$7+J18*'Pesos finales'!$B$8+'Pesos finales'!$B$12) | L18: =TANH(G18*'Pesos finales'!$C$5+H18*'Pesos finales'!$C$6+I18*'Pesos finales'!$C$7+J18*'Pesos finales'!$C$8+'Pesos finales'!$C$12) | M18: =TANH(G18*'Pesos finales'!$D$5+H18*'Pesos finales'!$D$6+I18*'Pesos finales'!$D$7+J18*'Pesos finales'!$D$8+'Pesos finales'!$D$12) | N18: =TANH(G18*'Pesos finales'!$E$5+H18*'Pesos finales'!$E$6+I18*'Pesos finales'!$E$7+J18*'Pesos finales'!$E$8+'Pesos finales'!$E$12) | O18: =TANH(G18*'Pesos finales'!$F$5+H18*'Pesos finales'!$F$6+I18*'Pesos finales'!$F$7+J18*'Pesos finales'!$F$8+'Pesos finales'!$F$12) | P18: =TANH(G18*'Pesos finales'!$G$5+H18*'Pesos finales'!$G$6+I18*'Pesos finales'!$G$7+J18*'Pesos finales'!$G$8+'Pesos finales'!$G$12) | Q18: =TANH(G18*'Pesos finales'!$H$5+H18*'Pesos finales'!$H$6+I18*'Pesos finales'!$H$7+J18*'Pesos finales'!$H$8+'Pesos finales'!$H$12) | R18: =TANH(G18*'Pesos finales'!$I$5+H18*'Pesos finales'!$I$6+I18*'Pesos finales'!$I$7+J18*'Pesos finales'!$I$8+'Pesos finales'!$I$12) | S18: =K18*'Pesos finales'!$B$16+L18*'Pesos finales'!$B$17+M18*'Pesos finales'!$B$18+N18*'Pesos finales'!$B$19+O18*'Pesos finales'!$B$20+P18*'Pesos finales'!$B$21+Q18*'Pesos finales'!$B$22+R18*'Pesos finales'!$B$23+'Pesos finales'!$B$27 | T18: =K18*'Pesos finales'!$C$16+L18*'Pesos finales'!$C$17+M18*'Pesos finales'!$C$18+N18*'Pesos finales'!$C$19+O18*'Pesos finales'!$C$20+P18*'Pesos finales'!$C$21+Q18*'Pesos finales'!$C$22+R18*'Pesos finales'!$C$23+'Pesos finales'!$C$27 | U18: =K18*'Pesos finales'!$D$16+L18*'Pesos finales'!$D$17+M18*'Pesos finales'!$D$18+N18*'Pesos finales'!$D$19+O18*'Pesos finales'!$D$20+P18*'Pesos finales'!$D$21+Q18*'Pesos finales'!$D$22+R18*'Pesos finales'!$D$23+'Pesos finales'!$D$27 | V18: =EXP(S18)/(EXP(S18)+EXP(T18)+EXP(U18)) | W18: =EXP(T18)/(EXP(S18)+EXP(T18)+EXP(U18)) | X18: =EXP(U18)/(EXP(S18)+EXP(T18)+EXP(U18)) | Y18: =IF(AND(V18>=W18,V18>=X18),"Iris-setosa",IF(AND(W18>=X18),"Iris-versicolor","Iris-virginica")) | Z18: Iris-setosa | AA18: =IF(Y18=Z18,"Sí","No") | AB18: 0.99813594 | AC18: 0.0018639815 | AD18: 8.1297423e-08 | AE18: Iris-setosa | AF18: =MAX(ABS(V18-AB18),ABS(W18-AC18),ABS(X18-AD18)) | AG18: =IF(AND(Y18=AE18,AF18<1E-9),"Sí","No")
... A156: 150 | B156: entrenamiento | C156: 5.9 | D156: 3 | E156: 5.1 | F156: 1.8 | G156: =(C156-'Pesos finales'!$B$31)/'Pesos finales'!$B$32 | H156: =(D156-'Pesos finales'!$C$31)/'Pesos finales'!$C$32 | I156: =(E156-'Pesos finales'!$D$31)/'Pesos finales'!$D$32 | J156: =(F156-'Pesos finales'!$E$31)/'Pesos finales'!$E$32 | K156: =TANH(G156*'Pesos finales'!$B$5+H156*'Pesos finales'!$B$6+I156*'Pesos finales'!$B$7+J156*'Pesos finales'!$B$8+'Pesos finales'!$B$12) | L156: =TANH(G156*'Pesos finales'!$C$5+H156*'Pesos finales'!$C$6+I156*'Pesos finales'!$C$7+J156*'Pesos finales'!$C$8+'Pesos finales'!$C$12) | M156: =TANH(G156*'Pesos finales'!$D$5+H156*'Pesos finales'!$D$6+I156*'Pesos finales'!$D$7+J156*'Pesos finales'!$D$8+'Pesos finales'!$D$12) | N156: =TANH(G156*'Pesos finales'!$E$5+H156*'Pesos finales'!$E$6+I156*'Pesos finales'!$E$7+J156*'Pesos finales'!$E$8+'Pesos finales'!$E$12) | O156: =TANH(G156*'Pesos finales'!$F$5+H156*'Pesos finales'!$F$6+I156*'Pesos finales'!$F$7+J156*'Pesos finales'!$F$8+'Pesos finales'!$F$12) | P156: =TANH(G156*'Pesos finales'!$G$5+H156*'Pesos finales'!$G$6+I156*'Pesos finales'!$G$7+J156*'Pesos finales'!$G$8+'Pesos finales'!$G$12) | Q156: =TANH(G156*'Pesos finales'!$H$5+H156*'Pesos finales'!$H$6+I156*'Pesos finales'!$H$7+J156*'Pesos finales'!$H$8+'Pesos finales'!$H$12) | R156: =TANH(G156*'Pesos finales'!$I$5+H156*'Pesos finales'!$I$6+I156*'Pesos finales'!$I$7+J156*'Pesos finales'!$I$8+'Pesos finales'!$I$12) | S156: =K156*'Pesos finales'!$B$16+L156*'Pesos finales'!$B$17+M156*'Pesos finales'!$B$18+N156*'Pesos finales'!$B$19+O156*'Pesos finales'!$B$20+P156*'Pesos finales'!$B$21+Q156*'Pesos finales'!$B$22+R156*'Pesos finales'!$B$23+'Pesos finales'!$B$27 | T156: =K156*'Pesos finales'!$C$16+L156*'Pesos finales'!$C$17+M156*'Pesos finales'!$C$18+N156*'Pesos finales'!$C$19+O156*'Pesos finales'!$C$20+P156*'Pesos finales'!$C$21+Q156*'Pesos finales'!$C$22+R156*'Pesos finales'!$C$23+'Pesos finales'!$C$27 | U156: =K156*'Pesos finales'!$D$16+L156*'Pesos finales'!$D$17+M156*'Pesos finales'!$D$18+N156*'Pesos finales'!$D$19+O156*'Pesos finales'!$D$20+P156*'Pesos finales'!$D$21+Q156*'Pesos finales'!$D$22+R156*'Pesos finales'!$D$23+'Pesos finales'!$D$27 | V156: =EXP(S156)/(EXP(S156)+EXP(T156)+EXP(U156)) | W156: =EXP(T156)/(EXP(S156)+EXP(T156)+EXP(U156)) | X156: =EXP(U156)/(EXP(S156)+EXP(T156)+EXP(U156)) | Y156: =IF(AND(V156>=W156,V156>=X156),"Iris-setosa",IF(AND(W156>=X156),"Iris-versicolor","Iris-virginica")) | Z156: Iris-virginica | AA156: =IF(Y156=Z156,"Sí","No") | AB156: 6.5093736e-05 | AC156: 0.085791184 | AD156: 0.91414372 | AE156: Iris-virginica | AF156: =MAX(ABS(V156-AB156),ABS(W156-AC156),ABS(X156-AD156)) | AG156: =IF(AND(Y156=AE156,AF156<1E-9),"Sí","No")

Sheet Historial
A1: Época | B1: Pérdida
A2: 1 | B2: 1.6839249
A3: 100 | B3: 0.26129728
A4: 200 | B4: 0.1516132
A5: 300 | B5: 0.10793523
A6: 400 | B6: 0.088048314
A7: 500 | B7: 0.077318174
A8: 600 | B8: 0.070721078
A9: 700 | B9: 0.066277975
A10: 800 | B10: 0.063087715
A11: 900 | B11: 0.060688895
A12: 1000 | B12: 0.058822323
A13: 1100 | B13: 0.057331268
... A22: 2000 | B22: 0.051110498
